"Label (Grouping)","Total:","Total:!!Population of one race:","Total:!!Population of one race:!!White alone","Total:!!Population of one race:!!Black or African American alone","Total:!!Population of one race:!!American Indian and Alaska Native alone","Total:!!Population of one race:!!Asian alone","Total:!!Population of one race:!!Native Hawaiian and Other Pacific Islander alone","Total:!!Population of one race:!!Some Other Race alone","Total:!!Two or More Races:","Total:!!Two or More Races:!!Population of two races:","Total:!!Two or More Races:!!Population of two races:!!White; Black or African American","Total:!!Two or More Races:!!Population of two races:!!White; American Indian and Alaska Native","Total:!!Two or More Races:!!Population of two races:!!White; Asian","Total:!!Two or More Races:!!Population of two races:!!White; Native Hawaiian and Other Pacific Islander","Total:!!Two or More Races:!!Population of two races:!!White; Some Other Race","Total:!!Two or More Races:!!Population of two races:!!Black or African American; American Indian and Alaska Native","Total:!!Two or More Races:!!Population of two races:!!Black or African American; Asian","Total:!!Two or More Races:!!Population of two races:!!Black or African American; Native Hawaiian and Other Pacific Islander","Total:!!Two or More Races:!!Population of two races:!!Black or African American; Some Other Race","Total:!!Two or More Races:!!Population of two races:!!American Indian and Alaska Native; Asian","Total:!!Two or More Races:!!Population of two races:!!American Indian and Alaska Native; Native Hawaiian and Other Pacific Islander","Total:!!Two or More Races:!!Population of two races:!!American Indian and Alaska Native; Some Other Race","Total:!!Two or More Races:!!Population of two races:!!Asian; Native Hawaiian and Other Pacific Islander","Total:!!Two or More Races:!!Population of two races:!!Asian; Some Other Race","Total:!!Two or More Races:!!Population of two races:!!Native Hawaiian and Other Pacific Islander; Some Other Race","Total:!!Two or More Races:!!Population of three races:","Total:!!Two or More Races:!!Population of three races:!!White; Black or African American; American Indian and Alaska Native","Total:!!Two or More Races:!!Population of three races:!!White; Black or African American; Asian","Total:!!Two or More Races:!!Population of three races:!!White; Black or African American; Native Hawaiian and Other Pacific Islander","Total:!!Two or More Races:!!Population of three races:!!White; Black or African American; Some Other Race","Total:!!Two or More Races:!!Population of three races:!!White; American Indian and Alaska Native; Asian","Total:!!Two or More Races:!!Population of three races:!!White; American Indian and Alaska Native; Native Hawaiian and Other Pacific Islander","Total:!!Two or More Races:!!Population of three races:!!White; American Indian and Alaska Native; Some Other Race","Total:!!Two or More Races:!!Population of three races:!!White; Asian; Native Hawaiian and Other Pacific Islander","Total:!!Two or More Races:!!Population of three races:!!White; Asian; Some Other Race","Total:!!Two or More Races:!!Population of three races:!!White; Native Hawaiian and Other Pacific Islander; Some Other Race","Total:!!Two or More Races:!!Population of three races:!!Black or African American; American Indian and Alaska Native; Asian","Total:!!Two or More Races:!!Population of three races:!!Black or African American; American Indian and Alaska Native; Native Hawaiian and Other Pacific Islander","Total:!!Two or More Races:!!Population of three races:!!Black or African American; American Indian and Alaska Native; Some Other Race","Total:!!Two or More Races:!!Population of three races:!!Black or African American; Asian; Native Hawaiian and Other Pacific Islander","Total:!!Two or More Races:!!Population of three races:!!Black or African American; Asian; Some Other Race","Total:!!Two or More Races:!!Population of three races:!!Black or African American; Native Hawaiian and Other Pacific Islander; Some Other Race","Total:!!Two or More Races:!!Population of three races:!!American Indian and Alaska Native; Asian; Native Hawaiian and Other Pacific Islander","Total:!!Two or More Races:!!Population of three races:!!American Indian and Alaska Native; Asian; Some Other Race","Total:!!Two or More Races:!!Population of three races:!!American Indian and Alaska Native; Native Hawaiian and Other Pacific Islander; Some Other Race","Total:!!Two or More Races:!!Population of three races:!!Asian; Native Hawaiian and Other Pacific Islander; Some Other Race","Total:!!Two or More Races:!!Population of four races:","Total:!!Two or More Races:!!Population of four races:!!White; Black or African American; American Indian and Alaska Native; Asian","Total:!!Two or More Races:!!Population of four races:!!White; Black or African American; American Indian and Alaska Native; Native Hawaiian and Other Pacific Islander","Total:!!Two or More Races:!!Population of four races:!!White; Black or African American; American Indian and Alaska Native; Some Other Race","Total:!!Two or More Races:!!Population of four races:!!White; Black or African American; Asian; Native Hawaiian and Other Pacific Islander","Total:!!Two or More Races:!!Population of four races:!!White; Black or African American; Asian; Some Other Race","Total:!!Two or More Races:!!Population of four races:!!White; Black or African American; Native Hawaiian and Other Pacific Islander; Some Other Race","Total:!!Two or More Races:!!Population of four races:!!White; American Indian and Alaska Native; Asian; Native Hawaiian and Other Pacific Islander","Total:!!Two or More Races:!!Population of four races:!!White; American Indian and Alaska Native; Asian; Some Other Race","Total:!!Two or More Races:!!Population of four races:!!White; American Indian and Alaska Native; Native Hawaiian and Other Pacific Islander; Some Other Race","Total:!!Two or More Races:!!Population of four races:!!White; Asian; Native Hawaiian and Other Pacific Islander; Some Other Race","Total:!!Two or More Races:!!Population of four races:!!Black or African American; American Indian and Alaska Native; Asian; Native Hawaiian and Other Pacific Islander","Total:!!Two or More Races:!!Population of four races:!!Black or African American; American Indian and Alaska Native; Asian; Some Other Race","Total:!!Two or More Races:!!Population of four races:!!Black or African American; American Indian and Alaska Native; Native Hawaiian and Other Pacific Islander; Some Other Race","Total:!!Two or More Races:!!Population of four races:!!Black or African American; Asian; Native Hawaiian and Other Pacific Islander; Some Other Race","Total:!!Two or More Races:!!Population of four races:!!American Indian and Alaska Native; Asian; Native Hawaiian and Other Pacific Islander; Some Other Race","Total:!!Two or More Races:!!Population of five races:","Total:!!Two or More Races:!!Population of five races:!!White; Black or African American; American Indian and Alaska Native; Asian; Native Hawaiian and Other Pacific Islander","Total:!!Two or More Races:!!Population of five races:!!White; Black or African American; American Indian and Alaska Native; Asian; Some Other Race","Total:!!Two or More Races:!!Population of five races:!!White; Black or African American; American Indian and Alaska Native; Native Hawaiian and Other Pacific Islander; Some Other Race","Total:!!Two or More Races:!!Population of five races:!!White; Black or African American; Asian; Native Hawaiian and Other Pacific Islander; Some Other Race","Total:!!Two or More Races:!!Population of five races:!!White; American Indian and Alaska Native; Asian; Native Hawaiian and Other Pacific Islander; Some Other Race","Total:!!Two or More Races:!!Population of five races:!!Black or African American; American Indian and Alaska Native; Asian; Native Hawaiian and Other Pacific Islander; Some Other Race","Total:!!Two or More Races:!!Population of six races:","Total:!!Two or More Races:!!Population of six races:!!White; Black or African American; American Indian and Alaska Native; Asian; Native Hawaiian and Other Pacific Islander; Some Other Race"
"Alabama","","","","","","","","","","","","","","","","","","","","","","","","","","","","","","","","","","","","","","","","","","","","","","","","","","","","","","","","","","","","","","","","","","","","","","",""
"    Alabama","4,779,736 (r38235)","4,708,485","3,275,394","1,251,311","28,218","53,595","3,057","96,910","71,251","67,039","19,666","21,953","8,835","864","6,524","3,353","1,632","431","1,591","273","82","398","349","738","350","3,868","1,850","348","64","281","322","38","158","294","126","38","84","22","45","83","43","22","10","15","12","13","274","104","24","35","24","8","6","36","6","1","9","6","2","2","11","0","67","61","4","0","1","0","1","3","3"
"Alaska","","","","","","","","","","","","","","","","","","","","","","","","","","","","","","","","","","","","","","","","","","","","","","","","","","","","","","","","","","","","","","","","","","","","","","",""
"    Alaska","710,231 (r38823)","658,356","473,576","23,263","104,871","38,135","7,409","11,102","51,875","47,286","4,685","26,127","6,915","1,095","2,211","1,777","530","213","409","1,200","431","429","782","368","114","4,181","1,415","252","85","68","1,103","177","233","529","67","13","50","17","47","30","5","3","60","14","3","10","361","153","21","33","24","13","1","79","14","1","12","5","4","0","0","1","47","39","8","0","0","0","0","0","0"
"Arizona","","","","","","","","","","","","","","","","","","","","","","","","","","","","","","","","","","","","","","","","","","","","","","","","","","","","","","","","","","","","","","","","","","","","","","",""
"    Arizona","6,392,017","6,173,717","4,667,121","259,008","296,529","176,695","12,648","761,716","218,300","203,062","35,442","34,584","35,647","4,173","61,934","5,891","2,986","602","5,921","1,435","580","5,979","2,187","4,534","1,167","13,948","4,194","1,408","229","1,189","1,098","203","1,173","2,048","1,054","213","184","34","212","143","168","42","79","116","58","103","1,091","366","48","187","108","56","14","153","45","12","65","22","7","2","5","1","187","141","32","5","5","2","2","12","12"
"Arkansas","","","","","","","","","","","","","","","","","","","","","","","","","","","","","","","","","","","","","","","","","","","","","","","","","","","","","","","","","","","","","","","","","","","","","","",""
"    Arkansas","2,915,918 (r39193)","2,858,908","2,245,229","449,895","22,248","36,102","5,863","99,571","57,010","54,253","13,519","21,060","5,968","657","7,659","1,610","668","179","970","194","90","449","332","666","232","2,527","1,143","162","37","185","256","46","199","196","97","32","40","8","31","36","24","6","8","10","3","8","163","49","9","45","9","9","0","24","3","0","5","4","0","0","6","0","51","34","8","0","8","1","0","16","16"
"California","","","","","","","","","","","","","","","","","","","","","","","","","","","","","","","","","","","","","","","","","","","","","","","","","","","","","","","","","","","","","","","","","","","","","","",""
"    California","37,253,956","35,438,572","21,453,934","2,299,072","362,801","4,861,007","144,386","6,317,372","1,815,384","1,673,501","180,920","208,833","446,563","39,258","494,321","31,146","41,249","7,548","49,487","15,072","2,321","29,519","39,339","72,836","15,089","128,122","31,949","13,623","2,158","8,281","13,195","2,109","8,873","20,149","13,637","2,443","2,129","427","1,532","1,545","1,653","481","739","1,105","361","1,733","12,080","4,341","616","1,785","1,060","648","128","1,567","546","124","647","227","166","31","118","76","1,558","1,135","216","59","46","87","15","123","123"
"Colorado","","","","","","","","","","","","","","","","","","","","","","","","","","","","","","","","","","","","","","","","","","","","","","","","","","","","","","","","","","","","","","","","","","","","","","",""
"    Colorado","5,029,196","4,856,740","4,089,202","201,737","56,010","139,028","6,623","364,140","172,456","158,973","28,904","34,995","32,789","2,859","38,859","3,780","2,693","445","4,053","840","171","3,809","1,496","2,540","740","12,175","4,061","1,421","164","864","1,042","177","1,317","1,465","712","136","176","35","154","136","70","25","64","65","28","63","1,097","388","72","223","100","60","6","129","40","8","28","20","7","6","3","7","200","173","17","4","3","2","1","11","11"
"Connecticut","","","","","","","","","","","","","","","","","","","","","","","","","","","","","","","","","","","","","","","","","","","","","","","","","","","","","","","","","","","","","","","","","","","","","","",""
"    Connecticut","3,574,097","3,481,421","2,772,410","362,296","11,256","135,565","1,428","198,466","92,676","85,501","24,786","9,419","14,451","809","17,778","4,161","1,666","814","6,075","426","66","1,012","408","2,610","1,020","6,673","3,428","498","81","845","284","21","261","235","305","101","106","22","150","40","85","92","15","27","51","26","419","151","18","129","28","17","9","28","8","1","9","5","14","1","1","0","76","53","15","3","3","1","1","7","7"
"Delaware","","","","","","","","","","","","","","","","","","","","","","","","","","","","","","","","","","","","","","","","","","","","","","","","","","","","","","","","","","","","","","","","","","","","","","",""
"    Delaware","897,934","874,080","618,617","191,814","4,181","28,549","400","30,519","23,854","22,087","8,736","2,402","3,183","202","2,629","1,750","693","171","1,208","123","17","211","110","531","121","1,653","944","221","39","121","40","14","33","53","38","13","36","6","31","19","22","5","3","3","9","3","107","43","10","29","5","7","0","4","1","0","1","1","0","1","4","1","7","3","3","0","1","0","0","0","0"
"District of Columbia","","","","","","","","","","","","","","","","","","","","","","","","","","","","","","","","","","","","","","","","","","","","","","","","","","","","","","","","","","","","","","","","","","","","","","",""
"    District of Columbia","601,723 (r39494)","584,407","231,471","305,125","2,079","21,056","302","24,374","17,316","15,273","3,476","904","3,736","121","2,068","1,787","900","226","1,047","57","10","145","143","333","320","1,847","1,150","198","22","81","47","2","59","61","54","13","59","9","28","17","30","8","1","2","1","5","154","91","4","32","5","7","0","3","2","1","1","3","2","1","2","0","41","37","3","0","0","0","1","1","1"
"Florida","","","","","","","","","","","","","","","","","","","","","","","","","","","","","","","","","","","","","","","","","","","","","","","","","","","","","","","","","","","","","","","","","","","","","","",""
"    Florida","18,801,310 (r40184)","18,328,733","14,109,162","2,999,862","71,458","454,821","12,286","681,144","472,577","440,616","112,370","55,974","70,932","5,036","106,667","12,273","16,040","9,613","26,547","2,063","395","4,209","2,927","11,758","3,812","29,331","9,817","5,085","482","3,225","1,600","226","1,108","1,728","1,761","754","470","164","390","478","929","615","78","181","79","161","2,181","855","105","375","193","184","52","162","47","13","79","43","23","6","40","4","401","294","66","8","5","22","6","48","48"
"Georgia","","","","","","","","","","","","","","","","","","","","","","","","","","","","","","","","","","","","","","","","","","","","","","","","","","","","","","","","","","","","","","","","","","","","","","",""
"    Georgia","9,687,653 (r41102)","9,480,164","5,787,440","2,950,435","32,151","314,467","6,799","388,872","207,489","191,569","59,398","27,198","29,613","1,962","31,576","11,145","7,918","1,979","10,248","1,211","157","1,802","1,157","5,114","1,091","14,369","7,015","1,913","235","1,106","674","78","464","779","489","142","329","90","266","250","232","130","28","55","40","54","1,272","575","63","244","65","65","13","81","13","5","36","32","19","8","46","7","256","218","29","4","5","0","0","23","23"
"Hawaii","","","","","","","","","","","","","","","","","","","","","","","","","","","","","","","","","","","","","","","","","","","","","","","","","","","","","","","","","","","","","","","","","","","","","","",""
"    Hawaii","1,360,301","1,039,672","336,599","21,424","4,164","525,078","135,422","16,985","320,629","206,989","3,883","7,932","66,456","37,904","3,394","834","2,694","1,809","386","1,343","1,233","215","72,607","4,500","1,799","101,559","1,328","931","733","114","3,566","1,742","197","85,723","1,353","711","225","110","22","1,218","65","32","1,623","106","52","1,708","11,167","444","196","37","1,336","50","10","6,762","137","63","1,813","185","7","3","33","91","883","598","16","0","61","203","5","31","31"
"Idaho","","","","","","","","","","","","","","","","","","","","","","","","","","","","","","","","","","","","","","","","","","","","","","","","","","","","","","","","","","","","","","","","","","","","","","",""
"    Idaho","1,567,582 (r41542)","1,528,647","1,396,487","9,810","21,441","19,069","2,317","79,523","38,935","36,573","4,369","12,488","8,222","1,343","7,666","313","171","30","240","230","68","476","364","391","202","2,198","572","119","22","117","292","66","239","493","136","44","10","2","10","11","10","1","15","16","4","19","125","34","12","15","9","9","2","19","5","4","1","7","6","1","0","1","38","35","2","0","0","1","0","1","1"
"Illinois","","","","","","","","","","","","","","","","","","","","","","","","","","","","","","","","","","","","","","","","","","","","","","","","","","","","","","","","","","","","","","","","","","","","","","",""
"    Illinois","12,830,632","12,540,650","9,177,877","1,866,414","43,963","586,934","4,050","861,412","289,982","272,768","70,615","32,749","56,258","2,682","66,820","8,057","4,935","898","10,103","2,009","109","3,435","1,994","10,524","1,580","15,841","7,550","1,604","128","1,655","849","86","816","912","905","223","254","38","227","176","167","74","44","39","34","60","1,145","497","36","277","72","54","7","67","45","12","29","8","19","7","15","0","202","164","23","4","4","2","5","26","26"
"Indiana","","","","","","","","","","","","","","","","","","","","","","","","","","","","","","","","","","","","","","","","","","","","","","","","","","","","","","","","","","","","","","","","","","","","","","",""
"    Indiana","6,483,802","6,355,901","5,467,906","591,397","18,462","102,474","2,348","173,314","127,901","120,347","48,734","22,076","17,502","1,514","18,449","3,034","1,603","375","3,268","380","62","648","596","1,722","384","6,889","3,578","708","129","686","342","88","283","440","224","59","108","17","54","50","49","26","15","18","0","15","537","234","32","119","49","17","4","44","10","3","9","4","5","0","7","0","115","93","13","3","6","0","0","13","13"
"Iowa","","","","","","","","","","","","","","","","","","","","","","","","","","","","","","","","","","","","","","","","","","","","","","","","","","","","","","","","","","","","","","","","","","","","","","",""
"    Iowa","3,046,355","2,993,022","2,781,561","89,148","11,084","53,094","2,003","56,132","53,333","50,055","19,063","9,475","8,663","860","7,715","1,048","519","77","873","243","50","417","218","670","164","3,013","1,545","283","38","284","165","30","151","211","127","23","23","5","27","19","41","7","5","19","0","10","207","74","15","40","26","6","2","21","8","4","6","2","1","0","1","1","56","45","9","2","0","0","0","2","2"
"Kansas","","","","","","","","","","","","","","","","","","","","","","","","","","","","","","","","","","","","","","","","","","","","","","","","","","","","","","","","","","","","","","","","","","","","","","",""
"    Kansas","2,853,118","2,767,185","2,391,044","167,864","28,150","67,762","2,238","110,127","85,933","80,110","24,166","23,163","11,546","950","11,954","2,759","1,011","226","1,654","342","95","639","402","955","248","5,418","2,744","563","88","490","366","58","300","339","168","31","66","9","66","31","40","17","19","4","4","15","341","139","25","75","39","8","3","26","8","1","6","9","0","0","1","1","58","41","7","0","2","8","0","6","6"
"Kentucky","","","","","","","","","","","","","","","","","","","","","","","","","","","","","","","","","","","","","","","","","","","","","","","","","","","","","","","","","","","","","","","","","","","","","","",""
"    Kentucky","4,339,367","4,264,159","3,809,537","337,520","10,120","48,930","2,501","55,551","75,208","70,782","30,985","16,172","9,228","979","7,248","1,568","970","307","1,451","205","66","283","340","766","214","4,032","1,945","468","102","381","296","44","162","270","120","28","59","25","29","36","24","8","10","7","9","9","334","140","24","72","14","5","3","33","5","2","14","10","3","2","2","5","58","50","6","0","1","0","1","2","2"
"Louisiana","","","","","","","","","","","","","","","","","","","","","","","","","","","","","","","","","","","","","","","","","","","","","","","","","","","","","","","","","","","","","","","","","","","","","","",""
"    Louisiana","4,533,372","4,460,489","2,836,192","1,452,396","30,579","70,132","1,963","69,227","72,883","67,175","19,951","14,868","8,986","885","9,819","4,459","1,817","459","3,292","335","233","568","360","891","252","5,010","2,444","413","53","486","338","44","248","241","190","45","84","14","184","82","60","32","15","12","4","21","594","167","19","305","19","12","5","17","6","9","3","13","8","0","8","3","98","69","24","2","1","1","1","6","6"
"Maine","","","","","","","","","","","","","","","","","","","","","","","","","","","","","","","","","","","","","","","","","","","","","","","","","","","","","","","","","","","","","","","","","","","","","","",""
"    Maine","1,328,361","1,307,420","1,264,971","15,707","8,568","13,571","342","4,261","20,941","19,734","4,571","8,729","3,932","294","1,203","179","101","42","305","72","10","70","74","131","21","1,099","537","113","24","72","120","22","56","79","31","16","10","0","8","2","2","3","2","2","0","0","72","33","7","9","2","5","0","10","0","1","4","1","0","0","0","0","35","26","4","0","0","5","0","1","1"
"Maryland","","","","","","","","","","","","","","","","","","","","","","","","","","","","","","","","","","","","","","","","","","","","","","","","","","","","","","","","","","","","","","","","","","","","","","",""
"    Maryland","5,773,552 (r42264)","5,608,844","3,359,284","1,700,298","20,420","318,853","3,157","206,832","164,708","149,827","46,677","15,044","32,516","1,394","20,284","10,181","6,487","1,433","6,426","954","58","1,730","1,324","4,486","833","13,535","7,343","1,812","163","789","620","72","375","605","524","79","355","49","188","131","216","87","27","47","19","34","1,155","644","50","220","46","69","10","35","19","6","18","13","7","1","14","3","173","124","26","6","14","1","2","18","18"
"Massachusetts","","","","","","","","","","","","","","","","","","","","","","","","","","","","","","","","","","","","","","","","","","","","","","","","","","","","","","","","","","","","","","","","","","","","","","",""
"    Massachusetts","6,547,629","6,375,626","5,265,236","434,398","18,850","349,768","2,223","305,151","172,003","159,119","38,964","16,108","32,594","1,850","34,355","4,942","2,495","1,076","16,381","762","92","2,385","774","4,221","2,120","11,912","5,027","931","146","1,904","488","80","467","491","584","311","114","44","355","52","188","529","14","67","84","36","820","281","37","242","32","48","32","40","24","12","25","7","20","13","6","1","137","102","22","4","3","3","3","15","15"
"Michigan","","","","","","","","","","","","","","","","","","","","","","","","","","","","","","","","","","","","","","","","","","","","","","","","","","","","","","","","","","","","","","","","","","","","","","",""
"    Michigan","9,883,640 (r45127)","9,653,321","7,803,120","1,400,362","62,007","238,199","2,604","147,029","230,319","213,375","72,344","52,202","38,198","2,853","22,133","10,006","3,213","628","5,092","1,009","139","915","920","3,340","383","15,782","9,698","1,240","153","1,046","866","149","563","769","429","76","222","38","185","98","103","45","28","25","11","38","960","491","50","180","54","33","6","76","11","8","21","5","9","7","7","2","187","150","22","1","9","3","2","15","15"
"Minnesota","","","","","","","","","","","","","","","","","","","","","","","","","","","","","","","","","","","","","","","","","","","","","","","","","","","","","","","","","","","","","","","","","","","","","","",""
"    Minnesota","5,303,925","5,178,780","4,524,062","274,412","60,916","214,234","2,156","103,000","125,145","115,265","36,912","27,255","24,348","1,264","11,584","3,990","1,934","389","1,840","728","86","1,584","836","2,154","361","9,238","5,719","845","90","526","541","68","218","532","268","55","89","20","79","54","37","20","11","24","9","33","539","248","48","118","33","24","7","32","9","1","6","6","3","1","2","1","101","71","18","3","7","1","1","2","2"
"Mississippi","","","","","","","","","","","","","","","","","","","","","","","","","","","","","","","","","","","","","","","","","","","","","","","","","","","","","","","","","","","","","","","","","","","","","","",""
"    Mississippi","2,967,297","2,933,190","1,754,684","1,098,385","15,030","25,742","1,187","38,162","34,107","31,850","11,088","6,714","4,205","393","3,715","2,209","1,037","378","976","170","27","260","162","373","143","2,020","932","182","51","146","149","37","80","127","72","27","51","11","34","65","22","16","7","2","7","2","170","52","6","38","18","5","1","12","3","0","3","11","0","0","20","1","64","61","3","0","0","0","0","3","3"
"Missouri","","","","","","","","","","","","","","","","","","","","","","","","","","","","","","","","","","","","","","","","","","","","","","","","","","","","","","","","","","","","","","","","","","","","","","",""
"    Missouri","5,988,927","5,864,338","4,958,770","693,391","27,376","98,083","6,261","80,457","124,589","116,456","39,037","33,738","18,604","2,209","10,728","4,594","1,662","501","2,201","392","85","474","717","1,255","259","7,467","3,855","703","116","527","625","106","313","553","220","71","97","25","93","50","33","16","13","14","2","35","527","214","31","111","34","28","3","59","16","1","16","3","1","2","8","0","130","103","19","3","3","1","1","9","9"
"Montana","","","","","","","","","","","","","","","","","","","","","","","","","","","","","","","","","","","","","","","","","","","","","","","","","","","","","","","","","","","","","","","","","","","","","","",""
"    Montana","989,415","964,439","884,961","4,027","62,555","6,253","668","5,975","24,976","23,672","2,578","14,228","3,233","505","1,864","415","81","10","75","168","77","211","131","70","26","1,204","523","62","16","34","191","46","91","164","35","14","3","3","1","7","1","3","4","2","3","1","84","29","13","10","5","5","0","9","2","1","10","0","0","0","0","0","16","16","0","0","0","0","0","0","0"
"Nebraska","","","","","","","","","","","","","","","","","","","","","","","","","","","","","","","","","","","","","","","","","","","","","","","","","","","","","","","","","","","","","","","","","","","","","","",""
"    Nebraska","1,826,341","1,786,831","1,572,838","82,885","18,427","32,293","1,279","79,109","39,510","36,860","11,225","7,587","6,108","532","6,937","1,317","442","106","1,033","157","37","536","245","413","185","2,429","1,151","253","32","213","122","24","176","193","92","24","31","7","39","26","15","3","7","5","10","6","193","55","18","43","23","9","3","23","7","3","3","2","0","0","0","4","28","22","0","1","0","0","5","0","0"
"Nevada","","","","","","","","","","","","","","","","","","","","","","","","","","","","","","","","","","","","","","","","","","","","","","","","","","","","","","","","","","","","","","","","","","","","","","",""
"    Nevada","2,700,551","2,574,476","1,786,688","218,626","32,062","195,436","16,871","324,793","126,075","113,875","19,611","14,235","27,142","3,774","27,399","2,476","3,569","878","3,370","700","210","1,351","4,869","3,370","921","11,034","2,303","1,177","262","673","716","147","443","3,509","674","161","160","31","94","226","116","68","88","48","8","130","1,011","283","54","99","139","41","15","221","29","5","91","22","4","1","5","2","148","116","15","6","2","6","3","7","7"
"New Hampshire","","","","","","","","","","","","","","","","","","","","","","","","","","","","","","","","","","","","","","","","","","","","","","","","","","","","","","","","","","","","","","","","","","","","","","",""
"    New Hampshire","1,316,470","1,295,088","1,236,050","15,035","3,150","28,407","384","12,062","21,382","20,046","5,021","6,104","4,949","284","2,250","227","152","48","302","78","38","67","107","324","95","1,255","587","109","8","142","115","10","51","128","52","9","12","3","7","4","7","6","0","5","0","0","63","32","1","6","3","6","0","12","1","1","1","0","0","0","0","0","14","13","0","0","1","0","0","4","4"
"New Jersey","","","","","","","","","","","","","","","","","","","","","","","","","","","","","","","","","","","","","","","","","","","","","","","","","","","","","","","","","","","","","","","","","","","","","","",""
"    New Jersey","8,791,894 (r46246)","8,551,591","6,029,248","1,204,826","29,026","725,726","3,043","559,722","240,303","223,761","49,511","14,965","40,703","1,645","60,186","9,312","5,814","1,830","15,777","2,963","130","4,049","1,874","12,535","2,467","15,153","7,051","1,619","127","1,890","466","66","520","442","912","314","313","55","244","95","352","234","46","163","133","111","1,149","575","39","277","43","64","21","19","24","8","21","15","12","10","21","0","201","136","50","5","5","4","1","39","39"
"New Mexico","","","","","","","","","","","","","","","","","","","","","","","","","","","","","","","","","","","","","","","","","","","","","","","","","","","","","","","","","","","","","","","","","","","","","","",""
"    New Mexico","2,059,179 (r46748)","1,982,169","1,407,876","42,550","193,222","28,208","1,810","308,503","77,010","72,362","7,413","16,705","7,647","812","28,241","1,970","544","103","2,082","530","177","3,870","404","1,334","530","4,236","1,203","259","25","351","323","55","892","395","311","98","28","12","85","23","50","12","26","53","14","21","332","103","20","81","20","11","6","29","23","5","22","3","3","0","6","0","71","57","10","0","0","3","1","9","9"
"New York","","","","","","","","","","","","","","","","","","","","","","","","","","","","","","","","","","","","","","","","","","","","","","","","","","","","","","","","","","","","","","","","","","","","","","",""
"    New York","19,378,102","18,792,253","12,740,974","3,073,800","106,906","1,420,244","8,766","1,441,563","585,849","542,905","123,455","41,342","83,642","4,073","125,731","25,036","20,896","5,516","51,132","7,854","586","12,869","3,370","28,996","8,407","39,250","17,200","3,883","355","4,813","1,079","149","1,334","1,031","1,904","882","817","165","1,166","386","1,632","809","91","756","540","258","3,172","1,423","112","795","108","254","51","64","46","26","41","61","69","38","62","22","446","330","68","17","10","6","15","76","76"
"North Carolina","","","","","","","","","","","","","","","","","","","","","","","","","","","","","","","","","","","","","","","","","","","","","","","","","","","","","","","","","","","","","","","","","","","","","","",""
"    North Carolina","9,535,483","9,329,284","6,528,950","2,048,628","122,110","208,962","6,604","414,030","206,199","189,844","61,973","33,642","27,778","2,173","27,790","13,558","4,929","1,262","7,789","996","193","2,195","1,143","3,275","1,148","14,827","8,128","1,534","204","1,107","760","100","468","852","439","116","283","68","216","174","181","70","15","56","22","34","1,303","533","76","251","126","68","9","89","35","12","31","24","23","4","15","7","202","165","22","2","7","2","4","23","23"
"North Dakota","","","","","","","","","","","","","","","","","","","","","","","","","","","","","","","","","","","","","","","","","","","","","","","","","","","","","","","","","","","","","","","","","","","","","","",""
"    North Dakota","672,591","660,738","605,449","7,960","36,591","6,909","320","3,509","11,853","11,251","2,127","5,455","1,738","184","823","314","99","28","134","98","44","81","52","64","10","541","250","58","14","31","50","20","21","58","14","1","1","5","5","0","2","3","3","3","2","0","44","11","8","7","2","4","2","5","1","0","0","4","0","0","0","0","17","17","0","0","0","0","0","0","0"
"Ohio","","","","","","","","","","","","","","","","","","","","","","","","","","","","","","","","","","","","","","","","","","","","","","","","","","","","","","","","","","","","","","","","","","","","","","",""
"    Ohio","11,536,504","11,298,739","9,539,437","1,407,681","25,292","192,233","4,066","130,030","237,765","219,767","99,741","40,911","33,031","2,165","19,087","9,021","3,666","882","5,405","627","112","706","869","2,946","598","16,618","10,464","1,555","234","1,185","756","94","416","673","389","80","236","41","158","88","116","53","41","9","11","19","1,147","569","69","233","47","35","17","67","12","10","38","26","4","8","10","2","215","171","28","5","4","6","1","18","18"
"Oklahoma","","","","","","","","","","","","","","","","","","","","","","","","","","","","","","","","","","","","","","","","","","","","","","","","","","","","","","","","","","","","","","","","","","","","","","",""
"    Oklahoma","3,751,351","3,530,030","2,706,845","277,644","321,687","65,076","4,369","154,409","221,321","209,404","25,056","134,957","12,302","1,232","14,495","12,834","1,313","294","1,866","888","313","2,127","482","922","323","11,278","6,557","558","116","445","1,240","159","1,024","437","197","44","140","44","161","47","29","11","29","15","3","22","552","204","46","105","32","8","8","85","33","5","9","13","2","2","0","0","72","64","6","0","0","1","1","15","15"
"Oregon","","","","","","","","","","","","","","","","","","","","","","","","","","","","","","","","","","","","","","","","","","","","","","","","","","","","","","","","","","","","","","","","","","","","","","",""
"    Oregon","3,831,074","3,686,315","3,204,614","69,206","53,203","141,263","13,404","204,625","144,759","132,874","19,302","44,530","32,589","4,665","20,237","1,718","1,059","280","1,060","765","330","1,530","2,655","1,563","591","10,903","3,442","819","149","453","1,495","344","694","2,437","471","110","99","30","54","59","33","10","79","46","18","61","831","265","92","82","73","23","8","192","33","11","29","13","5","1","2","2","136","114","11","0","1","9","1","15","15"
"Pennsylvania","","","","","","","","","","","","","","","","","","","","","","","","","","","","","","","","","","","","","","","","","","","","","","","","","","","","","","","","","","","","","","","","","","","","","","",""
"    Pennsylvania","12,702,379","12,464,544","10,406,288","1,377,689","26,843","349,088","3,653","300,983","237,835","219,364","87,287","27,502","36,127","2,279","27,627","10,598","4,508","1,491","10,655","1,351","134","1,796","1,019","5,230","1,760","16,980","9,668","1,635","258","1,663","549","116","406","599","574","169","303","98","260","108","224","134","19","73","78","46","1,250","625","72","261","70","68","10","38","32","4","24","12","13","4","13","4","220","169","29","6","8","3","5","21","21"
"Rhode Island","","","","","","","","","","","","","","","","","","","","","","","","","","","","","","","","","","","","","","","","","","","","","","","","","","","","","","","","","","","","","","","","","","","","","","",""
"    Rhode Island","1,052,567","1,017,780","856,869","60,189","6,058","30,457","554","63,653","34,787","31,455","8,201","3,223","4,432","400","6,375","2,029","323","115","4,103","155","26","758","110","601","604","3,014","1,328","155","36","530","68","13","132","65","86","71","22","13","238","18","51","125","6","39","15","3","281","65","7","114","7","19","14","21","5","5","2","2","7","6","4","3","35","8","22","0","1","4","0","2","2"
"South Carolina","","","","","","","","","","","","","","","","","","","","","","","","","","","","","","","","","","","","","","","","","","","","","","","","","","","","","","","","","","","","","","","","","","","","","","",""
"    South Carolina","4,625,364","4,545,429","3,060,000","1,290,684","19,524","59,051","2,706","113,464","79,935","74,382","27,432","13,910","10,461","935","9,236","4,156","2,227","481","2,836","301","71","473","445","1,137","281","5,060","2,517","573","88","387","331","63","159","340","134","49","118","20","67","105","44","25","14","4","4","18","393","159","31","74","23","8","6","49","8","0","4","12","1","8","10","0","93","73","8","3","3","4","2","7","7"
"South Dakota","","","","","","","","","","","","","","","","","","","","","","","","","","","","","","","","","","","","","","","","","","","","","","","","","","","","","","","","","","","","","","","","","","","","","","",""
"    South Dakota","814,180 (r48166)","796,897","699,392","10,207","71,817","7,610","394","7,477","17,283","16,392","3,064","8,499","1,894","194","1,262","602","107","25","89","173","73","219","68","94","29","853","467","53","14","30","78","18","76","65","20","4","8","1","4","7","3","0","3","0","1","1","31","8","3","3","1","2","0","10","2","0","1","0","0","0","0","1","7","7","0","0","0","0","0","0","0"
"Tennessee","","","","","","","","","","","","","","","","","","","","","","","","","","","","","","","","","","","","","","","","","","","","","","","","","","","","","","","","","","","","","","","","","","","","","","",""
"    Tennessee","6,346,105","6,236,096","4,921,948","1,057,315","19,994","91,242","3,642","141,955","110,009","103,173","36,370","25,649","15,145","1,476","12,638","3,492","1,971","528","2,381","384","73","657","533","1,482","394","6,177","3,000","686","100","445","465","88","285","419","237","62","92","23","76","84","59","11","13","12","2","18","518","220","23","70","47","21","2","69","16","8","11","18","4","0","6","3","137","116","9","0","3","7","2","4","4"
"Texas","","","","","","","","","","","","","","","","","","","","","","","","","","","","","","","","","","","","","","","","","","","","","","","","","","","","","","","","","","","","","","","","","","","","","","",""
"    Texas","25,145,561 (r48514)","24,466,560","17,701,552","2,979,598","170,972","964,596","21,656","2,628,186","679,001","642,522","109,713","92,305","91,963","6,898","240,679","13,834","11,132","2,368","28,414","3,690","468","13,156","4,945","18,536","4,421","33,084","11,065","3,371","445","3,544","2,129","328","2,852","2,703","3,004","705","409","120","462","426","488","178","89","343","179","244","2,687","994","104","612","213","134","29","251","90","23","98","49","20","17","40","13","611","485","72","12","18","18","6","97","97"
"Utah","","","","","","","","","","","","","","","","","","","","","","","","","","","","","","","","","","","","","","","","","","","","","","","","","","","","","","","","","","","","","","","","","","","","","","",""
"    Utah","2,763,885","2,688,367","2,379,560","29,287","32,927","55,285","24,554","166,754","75,518","70,121","9,598","12,638","15,902","6,885","17,835","608","466","323","975","290","292","1,194","1,402","1,082","631","4,988","779","324","178","324","335","161","379","1,843","320","127","27","8","15","18","22","7","38","18","14","51","353","83","19","48","28","13","0","91","19","15","23","5","0","1","2","6","54","45","1","1","2","5","0","2","2"
"Vermont","","","","","","","","","","","","","","","","","","","","","","","","","","","","","","","","","","","","","","","","","","","","","","","","","","","","","","","","","","","","","","","","","","","","","","",""
"    Vermont","625,741","614,988","596,292","6,277","2,207","7,947","160","2,105","10,753","10,143","2,353","4,535","2,112","148","549","116","53","21","63","24","7","37","33","82","10","559","324","55","7","25","55","8","19","47","11","0","2","0","3","1","0","0","0","1","0","1","44","18","1","9","3","1","1","5","1","1","1","0","0","0","3","0","7","6","0","0","1","0","0","0","0"
"Virginia","","","","","","","","","","","","","","","","","","","","","","","","","","","","","","","","","","","","","","","","","","","","","","","","","","","","","","","","","","","","","","","","","","","","","","",""
"    Virginia","8,001,024","7,767,624","5,486,852","1,551,399","29,225","439,890","5,980","254,278","233,400","214,276","62,204","25,771","59,051","2,618","27,658","9,746","7,056","1,151","7,226","1,115","99","2,559","1,943","5,240","839","17,461","8,466","2,406","234","1,084","1,161","99","535","1,276","797","141","370","49","196","209","197","77","47","39","28","50","1,424","704","56","224","97","88","10","105","18","3","41","45","15","10","6","2","209","165","32","8","2","1","1","30","30"
"Washington","","","","","","","","","","","","","","","","","","","","","","","","","","","","","","","","","","","","","","","","","","","","","","","","","","","","","","","","","","","","","","","","","","","","","","",""
"    Washington","6,724,540","6,411,614","5,196,362","240,042","103,869","481,067","40,475","349,799","312,926","282,352","51,624","66,769","83,994","9,817","34,488","5,458","6,290","1,407","3,251","2,773","734","2,261","7,209","5,000","1,277","27,664","8,131","3,637","612","1,086","3,740","679","1,134","5,555","1,163","228","483","97","155","310","148","41","219","77","27","142","2,543","991","191","245","312","77","10","480","61","9","104","28","19","6","5","5","349","289","24","5","10","19","2","18","18"
"West Virginia","","","","","","","","","","","","","","","","","","","","","","","","","","","","","","","","","","","","","","","","","","","","","","","","","","","","","","","","","","","","","","","","","","","","","","",""
"    West Virginia","1,852,994","1,825,852","1,739,988","63,124","3,787","12,406","428","6,119","27,142","25,650","11,602","7,728","3,086","432","1,350","592","181","52","236","66","17","36","85","163","24","1,356","793","129","25","78","75","16","62","98","39","6","12","0","1","4","3","2","3","7","0","3","116","60","9","15","3","0","4","11","1","3","9","1","0","0","0","0","20","17","1","0","1","1","0","0","0"
"Wisconsin","","","","","","","","","","","","","","","","","","","","","","","","","","","","","","","","","","","","","","","","","","","","","","","","","","","","","","","","","","","","","","","","","","","","","","",""
"    Wisconsin","5,686,986","5,582,669","4,902,067","359,148","54,526","129,234","1,827","135,867","104,317","97,512","32,590","22,491","16,578","1,157","14,396","3,025","1,032","249","2,135","565","45","721","679","1,500","349","6,291","3,492","512","67","609","329","56","346","385","201","60","60","7","75","17","29","8","4","16","3","15","429","191","31","114","20","10","8","29","5","3","4","3","5","1","4","1","77","76","0","0","1","0","0","8","8"
"Wyoming","","","","","","","","","","","","","","","","","","","","","","","","","","","","","","","","","","","","","","","","","","","","","","","","","","","","","","","","","","","","","","","","","","","","","","",""
"    Wyoming","563,626","551,265","511,279","4,748","13,336","4,426","427","17,049","12,361","11,770","1,900","4,466","1,737","298","2,498","121","61","11","138","50","20","232","100","96","42","547","176","45","7","30","48","14","80","90","19","9","1","1","7","1","2","1","10","0","1","5","33","10","0","4","3","4","2","7","0","0","2","1","0","0","0","0","8","8","0","0","0","0","0","3","3"
"Puerto Rico","","","","","","","","","","","","","","","","","","","","","","","","","","","","","","","","","","","","","","","","","","","","","","","","","","","","","","","","","","","","","","","","","","","","","","",""
"    Puerto Rico","3,725,789 (r49850)","3,603,543","2,825,100","461,498","19,839","6,831","370","289,905","122,246","109,527","63,552","1,905","1,322","324","24,560","2,359","494","125","10,367","346","40","2,385","30","639","1,079","11,951","7,490","305","33","2,778","17","6","230","14","108","324","22","11","272","7","99","97","2","72","61","3","713","30","15","564","1","40","18","2","7","4","4","6","10","5","6","1","52","25","15","9","3","0","0","3","3"